LocalTime,Symbol,Status,Side,FillSize,FillPrice,FillExchange
9:30:00.000,AES,TRADE,t,100,11.14,NYSE
9:30:16.000,AES,TRADE,b,100,11.16,NASDAQ
9:31:02.000,CX,TRADE,b,100,7.5,NASDAQ
9:31:10.000,CX,TRADE,t,100,7.51,NASDAQ
9:32:04.000,CX,TRADE,b,200,7.5,NASDAQ
9:32:33.000,CX,TRADE,t,100,7.5,NASDAQ
9:33:01.000,CX,TRADE,t,200,7.48,NASDAQ
9:33:30.000,AIG,TRADE,t,100,56.395,NASDAQ
9:33:33.000,AIG,TRADE,t,100,56.39,NYSE
9:33:56.000,AIG,TRADE,b,100,56.38,NASDAQ
9:34:18.000,AIG,TRADE,b,100,56.38,NASDAQ
9:34:53.000,AIG,TRADE,t,100,56.4,NASDAQ
9:35:52.000,RPY,TRADE,b,7112,5.752857143,NYSE
9:36:37.000,RPY,TRADE,b,7112,5.754285714,NYSE
9:37:31.000,RPY,TRADE,b,78235,5.754285714,NYSE
9:37:53.000,RPY,TRADE,b,64010,5.75,NASDAQ
9:38:48.000,RPY,TRADE,t,7112,5.757142857,NASDAQ
9:39:37.000,RPY,TRADE,b,7112,5.755714286,NYSE
9:39:39.000,RPY,TRADE,b,28449,5.755714286,NYSE
9:40:28.000,RPY,TRADE,b,7112,5.751428571,NASDAQ
9:41:24.000,RPY,TRADE,t,78235,5.757142857,NASDAQ
9:41:51.000,RPY,TRADE,b,924,5.752857143,NASDAQ
9:42:47.000,RPY,TRADE,b,7112,5.752857143,NYSE
9:43:38.000,RPY,TRADE,b,7112,5.754285714,NYSE
9:44:11.000,RPY,TRADE,b,78235,5.754285714,NYSE
9:44:31.000,RPY,TRADE,b,64010,5.75,NASDAQ
9:44:35.000,RPY,TRADE,t,7112,5.757142857,NASDAQ
9:45:26.000,RPY,TRADE,b,7112,5.755714286,NYSE
9:46:01.000,RPY,TRADE,b,28449,5.755714286,NYSE
9:46:42.000,RPY,TRADE,b,7112,5.751428571,NASDAQ
9:46:54.000,RPY,TRADE,t,78235,5.757142857,NASDAQ
9:47:18.000,RPY,TRADE,b,924,5.752857143,NASDAQ
9:48:17.000,RPY,TRADE,t,7112,5.757142857,NASDAQ
9:48:45.000,RPY,TRADE,t,7112,5.757142857,NASDAQ
9:49:36.000,RPY,TRADE,t,7112,5.757142857,NASDAQ
9:49:41.000,RPY,TRADE,t,14224,5.751428571,NASDAQ
9:50:34.000,RPY,TRADE,s,28449,5.751428571,NYSE
9:51:06.000,RPY,TRADE,t,14224,5.751428571,NASDAQ
9:51:43.000,RPY,TRADE,s,7112,5.751428571,NASDAQ
9:51:52.000,RPY,TRADE,s,7112,5.751428571,NYSE
9:52:18.000,RPY,TRADE,s,14224,5.751428571,NASDAQ
9:53:14.000,RPY,TRADE,t,8036,5.757142857,NASDAQ
9:53:43.000,UGH,TRADE,t,7112,8.031428571,NASDAQ
9:53:49.000,UGH,TRADE,b,7112,8.03,NASDAQ
9:54:37.000,W,TRADE,t,7112,6.004285714,NYSE
9:55:10.000,W,TRADE,b,7112,6.002857143,NASDAQ
9:56:07.000,W,TRADE,t,7112,6.004285714,NASDAQ
9:56:20.000,W,TRADE,b,7112,6.002857143,NASDAQ
9:56:53.000,MK,TRADE,b,21336,2.524285714,NYSE
9:57:49.000,MK,TRADE,b,7112,2.524285714,NYSE
9:58:05.000,MK,TRADE,t,21336,2.525714286,NASDAQ
9:58:46.000,MK,TRADE,t,7112,2.525714286,NASDAQ
9:59:42.000,LMA,TRADE,t,6472,5.775714286,NYSE
9:59:47.000,LMA,TRADE,t,640,5.775714286,NYSE
10:00:44.000,LMA,TRADE,b,7112,5.772857143,NASDAQ
10:01:11.000,LMA,TRADE,b,7112,7.605714286,NASDAQ
10:01:42.000,LMA,TRADE,t,7112,7.61,NASDAQ
10:02:13.000,ZEU,TRADE,b,7112,14.86571429,NASDAQ
10:02:19.000,ZEU,TRADE,t,7112,14.86714286,NASDAQ
10:02:39.000,RPY,TRADE,t,7112,5.822857143,NASDAQ
10:03:20.000,RPY,TRADE,b,7112,5.821428571,NASDAQ
10:03:34.000,LMA,TRADE,t,7112,20.95285714,NYSE
10:04:32.000,LMA,TRADE,t,7112,20.95,NYSE
10:04:45.000,LMA,TRADE,t,21336,20.95285714,NASDAQ
10:04:57.000,LMA,TRADE,b,21336,7.032857143,NYSE
10:05:23.000,LMA,TRADE,t,7112,7.034285714,NASDAQ
10:06:17.000,LMA,TRADE,t,14224,7.034285714,NASDAQ
10:06:41.000,LMA,TRADE,b,14224,7.034285714,NYSE
10:07:22.000,LMA,TRADE,t,14224,7.035714286,NASDAQ
10:07:27.000,LMA,TRADE,b,7112,7.034285714,NASDAQ
10:08:05.000,LMA,TRADE,b,7112,7.034285714,NASDAQ
10:08:37.000,LMA,TRADE,t,7112,7.035714286,NASDAQ
10:09:04.000,LMA,TRADE,t,7112,7.035714286,NASDAQ
10:09:09.000,LMA,TRADE,b,3556,7.035714286,NYSE
10:09:34.000,LMA,TRADE,t,3556,7.037142857,NYSE
10:10:03.000,LMA,TRADE,b,7112,7.037142857,NYSE
10:10:31.000,LMA,TRADE,b,7112,7.037142857,NASDAQ
10:10:43.000,LMA,TRADE,b,7112,7.037142857,NASDAQ
10:11:32.000,LMA,TRADE,t,7112,7.038571429,NASDAQ
10:11:38.000,LMA,TRADE,t,7112,7.038571429,NASDAQ
10:12:27.000,LMA,TRADE,t,7112,7.038571429,NASDAQ
10:12:28.000,LMA,TRADE,b,21336,7.042857143,NYSE
10:12:59.000,LMA,TRADE,t,21336,7.044285714,NASDAQ
10:13:09.000,LMA,TRADE,b,7112,7.045714286,NYSE
10:13:15.000,LMA,TRADE,t,7112,7.048571429,NASDAQ
10:14:15.000,LMA,TRADE,b,7112,7.062857143,NYSE
10:14:35.000,LMA,TRADE,t,7112,7.065714286,NASDAQ
10:15:21.000,LMA,TRADE,b,7112,7.065714286,NYSE
10:15:48.000,LMA,TRADE,t,7112,7.067142857,NASDAQ
10:15:53.000,ALY,TRADE,t,7112,9.385714286,NYSE
10:16:32.000,ALY,TRADE,b,7112,9.384285714,NASDAQ
10:16:47.000,ALY,TRADE,t,7112,9.385714286,NASDAQ
10:17:34.000,ALY,TRADE,b,7112,9.384285714,NASDAQ
10:18:27.000,LMA,TRADE,b,14224,7.027142857,NASDAQ
10:18:53.000,LMA,TRADE,t,7112,7.028571429,NASDAQ
10:19:30.000,LMA,TRADE,t,7112,7.028571429,NASDAQ
10:20:00.000,W,TRADE,t,7112,5.751428571,NASDAQ
10:20:56.000,W,TRADE,t,7112,5.751428571,NYSE
10:20:58.000,W,TRADE,b,7112,5.75,NASDAQ
10:21:13.000,W,TRADE,b,7112,5.75,NASDAQ
10:21:30.000,LMA,TRADE,t,7112,2.221428571,NASDAQ
10:21:35.000,LMA,TRADE,t,7112,2.221428571,NYSE
10:22:35.000,LMA,TRADE,b,7112,2.22,NASDAQ
10:23:00.000,LMA,TRADE,t,7112,2.221428571,NASDAQ
10:23:48.000,LMA,TRADE,b,7112,10.61571429,NYSE
10:23:51.000,LMA,TRADE,t,7112,7.038571429,NASDAQ
10:24:03.000,LMA,TRADE,b,7112,7.037142857,NASDAQ
10:24:52.000,LMA,TRADE,t,7112,10.62285714,NASDAQ
10:25:36.000,H,TRADE,b,7112,8.268571429,NASDAQ
10:26:28.000,H,TRADE,b,7112,8.268571429,NYSE
10:26:43.000,H,TRADE,t,7112,8.27,NASDAQ
10:27:10.000,H,TRADE,t,7112,8.27,NASDAQ
10:27:30.000,H,TRADE,b,7112,8.267857143,NASDAQ
10:27:59.000,H,TRADE,t,7112,8.27,NASDAQ
10:28:18.000,H,TRADE,b,7112,8.268571429,NASDAQ
10:28:49.000,H,TRADE,t,7112,8.27,NASDAQ
10:29:38.000,LMA,TRADE,b,14011,20.98428571,NYSE
10:30:23.000,LMA,TRADE,b,14224,20.98428571,NASDAQ
10:30:59.000,LMA,TRADE,b,355,20.98285714,NASDAQ
10:31:34.000,LMA,TRADE,b,6970,20.98285714,NASDAQ
10:32:19.000,LMA,TRADE,b,14224,2.221428571,NASDAQ
10:32:53.000,LMA,TRADE,t,7112,2.221428571,NASDAQ
10:33:17.000,LMA,TRADE,t,7112,2.221428571,NYSE
10:33:30.000,LMA,TRADE,b,7112,2.22,NASDAQ
10:33:47.000,LMA,TRADE,b,7112,2.22,NASDAQ
10:34:03.000,LMA,TRADE,t,7112,2.221428571,NASDAQ
10:34:08.000,LMA,TRADE,b,7112,2.22,NASDAQ
10:34:54.000,LMA,TRADE,b,85347,2.545,NASDAQ
10:35:15.000,LMA,TRADE,b,7112,2.545714286,NYSE
10:36:07.000,LMA,TRADE,b,7112,2.545714286,NYSE
10:36:47.000,LMA,TRADE,b,7112,2.545714286,NASDAQ
10:37:42.000,LMA,TRADE,b,7112,2.545714286,NYSE
10:38:18.000,LMA,TRADE,b,92459,2.547142857,NYSE
10:39:07.000,LMA,TRADE,t,85347,2.55,NASDAQ
10:39:34.000,LMA,TRADE,t,7112,2.55,NASDAQ
10:40:33.000,LMA,TRADE,b,7112,2.545714286,NASDAQ
10:41:20.000,LMA,TRADE,b,78235,2.542857143,NASDAQ
10:41:37.000,LMA,TRADE,b,7112,2.545714286,NASDAQ
10:41:42.000,LMA,TRADE,t,7112,2.55,NASDAQ
10:42:27.000,LMA,TRADE,t,7112,2.55,NASDAQ
10:42:54.000,LMA,TRADE,t,7112,2.55,NASDAQ
10:43:36.000,LMA,TRADE,t,92459,2.55,NASDAQ
10:44:19.000,LMA,TRADE,t,7112,2.55,NASDAQ
10:44:50.000,LMA,TRADE,t,7112,2.55,NASDAQ
10:45:15.000,LMA,TRADE,t,78235,2.55,NASDAQ
10:46:01.000,LMA,TRADE,b,85347,2.542857143,NASDAQ
10:46:53.000,LMA,TRADE,t,14224,2.55,NASDAQ
10:47:11.000,LMA,TRADE,t,71123,2.55,NASDAQ
10:47:54.000,LMA,TRADE,b,7112,4.694285714,NASDAQ
10:48:07.000,LMA,TRADE,t,7112,4.697142857,NASDAQ
10:48:13.000,LMA,TRADE,b,7112,4.7,NYSE
10:48:37.000,LMA,TRADE,t,7112,4.701428571,NASDAQ
10:49:36.000,LMA,TRADE,t,7112,10.04571429,NYSE
10:49:45.000,LMA,TRADE,b,7112,10.04571429,NASDAQ
10:49:52.000,S,TRADE,b,14224,5.39,NASDAQ
10:50:09.000,S,TRADE,t,14224,5.391428571,NASDAQ
10:51:01.000,ALY,TRADE,t,7112,9.42,NYSE
10:51:39.000,ALY,TRADE,t,7112,9.42,NASDAQ
10:52:26.000,ALY,TRADE,b,7112,9.418571429,NASDAQ
10:52:44.000,ALY,TRADE,b,7112,9.418571429,NASDAQ
10:53:27.000,LMA,TRADE,t,7112,9.938571429,NYSE
10:54:12.000,LMA,TRADE,b,7112,9.937142857,NASDAQ
10:54:45.000,ALY,TRADE,t,7112,9.410714286,NYSE
10:54:59.000,ALY,TRADE,t,7112,9.410714286,NYSE
10:55:00.000,ALY,TRADE,b,7112,9.408571429,NASDAQ
10:55:09.000,ALY,TRADE,t,7112,9.410714286,NASDAQ
10:55:16.000,ALY,TRADE,b,7112,9.408571429,NASDAQ
10:55:39.000,ALY,TRADE,b,7112,9.408571429,NASDAQ
10:56:04.000,LMA,TRADE,b,56898,1.028571429,NASDAQ
10:56:16.000,LMA,TRADE,t,7112,1.03,NASDAQ
10:56:46.000,LMA,TRADE,t,49786,1.03,NASDAQ
10:57:42.000,H,TRADE,b,28449,8.253928571,NASDAQ
10:57:52.000,H,TRADE,b,28449,8.254285714,NYSE
10:58:50.000,H,TRADE,t,7112,8.257142857,NASDAQ
10:58:51.000,H,TRADE,t,21336,8.255714286,NASDAQ
10:59:16.000,H,TRADE,t,28449,8.255714286,NASDAQ
11:00:03.000,H,TRADE,b,28449,8.253571429,NASDAQ
11:01:02.000,H,TRADE,t,28449,8.255714286,NASDAQ
11:01:59.000,S,TRADE,b,7112,5.385714286,NASDAQ
11:02:03.000,S,TRADE,t,7112,5.388571429,NASDAQ
11:02:39.000,S,TRADE,b,7112,2.174285714,NYSE
11:03:33.000,S,TRADE,b,7112,2.174285714,NYSE
11:04:03.000,S,TRADE,b,7112,2.172142857,NASDAQ
11:04:18.000,S,TRADE,b,7112,2.174285714,NYSE
11:05:09.000,S,TRADE,s,7112,2.175714286,NASDAQ
11:05:39.000,S,TRADE,b,14224,2.174285714,NYSE
11:06:00.000,S,TRADE,b,7112,2.174285714,NYSE
11:06:14.000,S,TRADE,b,7112,2.174285714,NYSE
11:06:18.000,S,TRADE,b,7112,2.174285714,NYSE
11:07:01.000,S,TRADE,b,7112,2.174285714,NYSE
11:07:02.000,S,TRADE,b,7112,2.174285714,NYSE
11:07:09.000,S,TRADE,b,7112,2.174285714,NASDAQ
11:08:02.000,S,TRADE,s,7112,2.175714286,NASDAQ
11:08:30.000,S,TRADE,s,7112,2.175714286,NASDAQ
11:09:06.000,S,TRADE,b,14224,2.174285714,NASDAQ
11:09:33.000,S,TRADE,b,7112,2.174285714,NASDAQ
11:09:34.000,S,TRADE,b,7112,2.174285714,NASDAQ
11:10:21.000,S,TRADE,b,35561,2.174285714,NASDAQ
11:10:39.000,S,TRADE,b,7112,2.174285714,NASDAQ
11:10:56.000,S,TRADE,b,7112,2.174285714,NASDAQ
11:11:42.000,S,TRADE,b,7112,2.174285714,NASDAQ
11:12:34.000,S,TRADE,b,7112,2.174285714,NASDAQ
11:13:29.000,S,TRADE,b,7112,2.174285714,NASDAQ
11:14:22.000,S,TRADE,b,49786,2.174285714,NASDAQ
11:14:28.000,S,TRADE,s,7112,2.175714286,NASDAQ
11:14:58.000,S,TRADE,s,7112,2.175714286,NASDAQ
11:15:18.000,S,TRADE,s,7112,2.175714286,NASDAQ
11:15:30.000,S,TRADE,s,14224,2.175714286,NASDAQ
11:15:48.000,S,TRADE,s,7112,2.175714286,NASDAQ
11:16:17.000,S,TRADE,s,7112,2.175714286,NASDAQ
11:16:55.000,S,TRADE,s,7112,2.175714286,NASDAQ
11:17:00.000,S,TRADE,s,7112,2.175714286,NASDAQ
11:17:33.000,S,TRADE,b,7112,2.172857143,NASDAQ
11:17:42.000,S,TRADE,s,7112,2.175714286,NASDAQ
11:18:24.000,S,TRADE,s,14224,2.175714286,NASDAQ
11:19:24.000,S,TRADE,s,35561,2.175714286,NASDAQ
11:20:16.000,S,TRADE,s,49786,2.175714286,NASDAQ
11:21:08.000,S,TRADE,s,7112,2.175714286,NASDAQ
11:21:32.000,S,TRADE,s,7112,2.175714286,NASDAQ
11:22:10.000,S,TRADE,s,7112,2.175714286,NASDAQ
11:22:38.000,S,TRADE,s,7112,2.175714286,NASDAQ
11:23:33.000,S,TRADE,s,7112,2.175714286,NASDAQ
11:24:15.000,S,TRADE,s,7112,2.175714286,NASDAQ
11:24:36.000,S,TRADE,s,7112,2.175714286,NASDAQ
11:24:59.000,BO,TRADE,b,7112,12.51285714,NASDAQ
11:25:15.000,BO,TRADE,t,7112,12.51428571,NASDAQ
11:25:52.000,BO,TRADE,b,7112,12.51285714,NASDAQ
11:26:19.000,BO,TRADE,t,7112,12.51428571,NASDAQ
11:27:09.000,BO,TRADE,b,7112,12.50428571,NASDAQ
11:27:23.000,BO,TRADE,t,7112,12.50571429,NASDAQ
11:28:02.000,BO,TRADE,b,7112,12.50428571,NASDAQ
11:28:35.000,BO,TRADE,t,7112,12.50571429,NASDAQ
11:29:26.000,BO,TRADE,t,7112,12.50142857,NASDAQ
11:30:06.000,BO,TRADE,t,7112,12.50142857,NYSE
11:31:00.000,BO,TRADE,b,7112,12.5,NASDAQ
11:31:11.000,BO,TRADE,b,7112,12.5,NASDAQ
11:31:25.000,LMA,TRADE,b,7112,10.03,NYSE
11:31:53.000,LMA,TRADE,t,7112,10.03142857,NASDAQ
11:32:44.000,LMA,TRADE,b,7112,6.34,NASDAQ
11:32:49.000,LMA,TRADE,t,7112,6.341428571,NASDAQ
11:33:23.000,LMA,TRADE,b,14224,6.34,NASDAQ
11:33:53.000,LMA,TRADE,t,7112,6.341428571,NASDAQ
11:34:38.000,LMA,TRADE,t,7112,6.341428571,NASDAQ
11:34:43.000,LMA,TRADE,b,7112,6.34,NASDAQ
11:34:55.000,LMA,TRADE,t,7112,6.34,NASDAQ
11:35:28.000,LMA,TRADE,b,7112,2.655714286,NYSE
11:35:30.000,LMA,TRADE,b,42673,2.655714286,NYSE
11:35:57.000,LMA,TRADE,b,7112,2.651428571,NASDAQ
11:36:38.000,LMA,TRADE,b,7112,2.655714286,NASDAQ
11:36:52.000,LMA,TRADE,b,7112,2.655714286,NASDAQ
11:37:07.000,LMA,TRADE,b,7112,2.655714286,NASDAQ
11:37:37.000,LMA,TRADE,b,7112,2.655714286,NASDAQ
11:37:38.000,LMA,TRADE,b,7112,2.655714286,NASDAQ
11:37:46.000,LMA,TRADE,t,7112,2.657142857,NASDAQ
11:37:53.000,LMA,TRADE,t,7112,2.657142857,NASDAQ
11:38:30.000,LMA,TRADE,t,42673,2.657142857,NASDAQ
11:38:48.000,LMA,TRADE,t,7112,2.657142857,NASDAQ
11:39:46.000,LMA,TRADE,t,7112,2.657142857,NASDAQ
11:40:24.000,LMA,TRADE,t,7112,2.657142857,NASDAQ
11:40:26.000,LMA,TRADE,t,5760,2.657142857,NASDAQ
11:41:18.000,LMA,TRADE,t,1351,2.657142857,NASDAQ
11:41:30.000,LMA,TRADE,t,5760,2.657142857,NASDAQ
11:41:36.000,LMA,TRADE,t,1351,2.657142857,NASDAQ
11:42:19.000,LMA,TRADE,t,7112,5.637142857,NYSE
11:42:40.000,LMA,TRADE,t,7112,5.637142857,NASDAQ
11:43:22.000,LMA,TRADE,t,7112,5.637142857,NYSE
11:43:52.000,LMA,TRADE,b,7112,5.635714286,NASDAQ
11:44:29.000,LMA,TRADE,b,7112,5.635714286,NASDAQ
11:44:52.000,LMA,TRADE,b,7112,5.635714286,NASDAQ
11:45:03.000,BO,TRADE,t,7112,12.46571429,NYSE
11:45:22.000,BO,TRADE,t,7112,12.46428571,NYSE
11:46:22.000,BO,TRADE,t,7112,12.46428571,NYSE
11:46:28.000,BO,TRADE,t,14224,12.46642857,NASDAQ
11:47:26.000,BO,TRADE,t,7112,12.46642857,NASDAQ
11:47:45.000,BO,TRADE,t,14224,12.47,NYSE
11:48:20.000,BO,TRADE,t,7112,12.47,NYSE
11:48:51.000,BO,TRADE,t,14224,12.47,NASDAQ
11:49:07.000,BO,TRADE,t,7112,12.47,NYSE
11:49:10.000,BO,TRADE,t,14224,12.46428571,NASDAQ
11:49:36.000,BO,TRADE,t,7112,12.46285714,NASDAQ
11:49:43.000,BO,TRADE,t,14224,12.46714286,NASDAQ
11:50:23.000,BO,TRADE,t,7112,12.46571429,NASDAQ
11:50:49.000,BO,TRADE,b,7112,12.45428571,NASDAQ
11:51:26.000,BO,TRADE,b,7112,12.45428571,NASDAQ
11:52:09.000,BO,TRADE,b,7112,12.45428571,NASDAQ
11:52:18.000,BO,TRADE,b,7112,12.45428571,NASDAQ
11:52:55.000,BO,TRADE,b,4267,12.45428571,NASDAQ
11:53:33.000,BO,TRADE,b,2844,12.45428571,NASDAQ
11:53:59.000,BO,TRADE,b,4267,12.45428571,NASDAQ
11:54:08.000,BO,TRADE,b,2844,12.45428571,NASDAQ
11:54:34.000,BO,TRADE,b,3556,12.45428571,NASDAQ
11:55:03.000,BO,TRADE,b,14224,12.47428571,NASDAQ
11:55:52.000,BO,TRADE,b,21336,12.47428571,NASDAQ
11:55:56.000,BO,TRADE,b,17780,12.47571429,NASDAQ
11:56:37.000,BO,TRADE,b,7112,12.47571429,NASDAQ
11:57:11.000,BO,TRADE,b,21336,12.47428571,NASDAQ
11:57:38.000,BO,TRADE,b,21336,12.47142857,NASDAQ
11:58:14.000,BO,TRADE,b,49786,12.47142857,NYSE
11:58:26.000,BO,TRADE,b,21336,12.47142857,NYSE
11:59:19.000,BO,TRADE,b,14224,12.47142857,NYSE
12:00:04.000,BO,TRADE,b,78235,12.47142857,NYSE
12:00:47.000,BO,TRADE,t,7112,12.47428571,NASDAQ
12:01:04.000,BO,TRADE,b,149358,12.47142857,NASDAQ
12:01:16.000,BO,TRADE,t,14224,12.47428571,NASDAQ
12:01:56.000,BO,TRADE,t,7112,12.47428571,NASDAQ
12:02:54.000,BO,TRADE,t,7112,12.47428571,NASDAQ
12:03:49.000,BO,TRADE,t,14224,12.47428571,NASDAQ
12:04:23.000,BO,TRADE,t,7112,12.47428571,NASDAQ
12:05:18.000,BO,TRADE,t,14224,12.47428571,NASDAQ
12:06:12.000,BO,TRADE,t,21336,12.47428571,NASDAQ
12:06:17.000,BO,TRADE,t,7112,12.47428571,NASDAQ
12:06:59.000,BO,TRADE,t,7112,12.47428571,NASDAQ
12:07:39.000,BO,TRADE,t,21336,12.47428571,NASDAQ
12:08:35.000,BO,TRADE,t,28449,12.47428571,NASDAQ
12:08:54.000,BO,TRADE,t,7112,12.47428571,NASDAQ
12:09:26.000,BO,TRADE,t,14224,12.47428571,NASDAQ
12:10:24.000,BO,TRADE,t,56898,12.47428571,NASDAQ
12:10:46.000,BO,TRADE,b,7112,12.47142857,NASDAQ
12:10:52.000,BO,TRADE,b,7112,12.47142857,NASDAQ
12:10:54.000,BO,TRADE,t,7112,12.47428571,NASDAQ
12:11:26.000,BO,TRADE,t,7112,12.47428571,NASDAQ
12:11:49.000,BO,TRADE,t,7112,12.47428571,NASDAQ
12:12:11.000,BO,TRADE,t,7112,12.47428571,NASDAQ
12:12:36.000,BO,TRADE,t,7112,12.47428571,NASDAQ
12:13:31.000,BO,TRADE,t,7112,12.47428571,NASDAQ
12:13:49.000,BO,TRADE,t,7112,12.47428571,NASDAQ
12:14:13.000,DEQ,TRADE,t,7112,16.48714286,NYSE
12:15:05.000,DEQ,TRADE,b,7112,16.48571429,NASDAQ
12:15:50.000,DEQ,TRADE,t,7112,16.48714286,NASDAQ
12:16:32.000,DEQ,TRADE,b,7112,16.48571429,NASDAQ
12:16:45.000,BO,TRADE,s,711,12.46857143,NASDAQ
12:17:23.000,BO,TRADE,t,711,12.46857143,NASDAQ
12:17:48.000,BO,TRADE,s,9388,12.46857143,NASDAQ
12:18:46.000,BO,TRADE,s,9814,12.46857143,NYSE
12:19:31.000,BO,TRADE,t,14224,12.46857143,NASDAQ
12:19:48.000,BO,TRADE,s,4196,12.46857143,NYSE
12:20:03.000,BO,TRADE,s,7325,12.46857143,NYSE
12:21:02.000,BO,TRADE,s,7112,12.46857143,NYSE
12:21:15.000,BO,TRADE,t,4125,12.46857143,NASDAQ
12:21:31.000,BO,TRADE,t,2275,12.46857143,NASDAQ
12:22:26.000,BO,TRADE,t,4125,12.46714286,NYSE
12:23:22.000,BO,TRADE,t,7112,12.46571429,NYSE
12:23:32.000,BO,TRADE,b,7112,12.46428571,NASDAQ
12:24:21.000,LMA,TRADE,b,7112,6.328571429,NASDAQ
12:24:56.000,LMA,TRADE,t,7112,6.33,NASDAQ
12:25:35.000,LMA,TRADE,b,7112,6.328571429,NASDAQ
12:26:14.000,LMA,TRADE,b,7112,10.88428571,NYSE
12:26:42.000,LMA,TRADE,b,7112,10.88428571,NASDAQ
12:27:40.000,LMA,TRADE,t,7112,10.88571429,NASDAQ
12:28:13.000,LMA,TRADE,t,7112,10.88571429,NASDAQ
12:28:47.000,LMA,TRADE,t,7112,6.328571429,NASDAQ
12:28:56.000,LMA,TRADE,t,7112,10.89571429,NASDAQ
12:29:20.000,LMA,TRADE,t,14224,10.89571429,NYSE
12:29:38.000,LMA,TRADE,t,7112,10.89571429,NYSE
12:30:06.000,LMA,TRADE,t,7112,10.89571429,NASDAQ
12:30:15.000,LMA,TRADE,t,14224,10.89571429,NYSE
12:30:43.000,LMA,TRADE,t,7112,10.88857143,NASDAQ
12:31:16.000,LMA,TRADE,b,7112,10.88714286,NASDAQ
12:31:59.000,LMA,TRADE,t,7112,10.88857143,NASDAQ
12:32:07.000,LMA,TRADE,b,14224,10.88714286,NASDAQ
12:32:35.000,LMA,TRADE,b,7112,10.88714286,NASDAQ
12:33:29.000,LMA,TRADE,b,14224,10.88714286,NASDAQ
12:33:41.000,LMA,TRADE,b,7112,10.88714286,NASDAQ
12:34:01.000,LMA,TRADE,b,7112,10.88714286,NASDAQ
12:34:08.000,LMA,TRADE,b,7112,10.88714286,NASDAQ
12:34:50.000,LMA,TRADE,t,7112,6.945714286,NASDAQ
12:35:02.000,LMA,TRADE,b,7112,6.944285714,NASDAQ
12:35:07.000,LMA,TRADE,t,7112,10.09142857,NYSE
12:36:07.000,LMA,TRADE,b,7112,10.09,NASDAQ
12:36:37.000,LMA,TRADE,b,7112,5.262857143,NYSE
12:37:08.000,LMA,TRADE,t,7112,5.264285714,NASDAQ
12:37:23.000,LMA,TRADE,t,7112,10.09142857,NYSE
12:37:32.000,LMA,TRADE,t,7112,10.09142857,NYSE
12:38:24.000,LMA,TRADE,b,7112,10.09,NASDAQ
12:39:23.000,LMA,TRADE,b,7112,10.09,NASDAQ
12:40:00.000,LMA,TRADE,t,7112,10.32142857,NYSE
12:40:04.000,LMA,TRADE,b,7112,10.31857143,NASDAQ
12:40:40.000,LMA,TRADE,t,7112,10.32142857,NASDAQ
12:41:16.000,LMA,TRADE,t,7112,10.32142857,NASDAQ
12:41:42.000,LMA,TRADE,b,7112,10.31857143,NASDAQ
12:42:21.000,LMA,TRADE,b,7112,10.31857143,NASDAQ
12:42:51.000,LMA,TRADE,t,6472,10.32142857,NASDAQ
12:43:20.000,LMA,TRADE,b,6472,10.31857143,NYSE
12:43:41.000,LMA,TRADE,b,14224,9.491428571,NASDAQ
12:44:37.000,LMA,TRADE,t,14224,9.492857143,NASDAQ
12:44:53.000,LMA,TRADE,t,7112,6.184285714,NYSE
12:45:21.000,LMA,TRADE,t,7112,6.184285714,NYSE
12:45:35.000,LMA,TRADE,t,21336,6.184285714,NYSE
12:45:51.000,LMA,TRADE,t,7112,6.184285714,NYSE
12:45:52.000,LMA,TRADE,t,7112,6.184285714,NYSE
12:46:31.000,LMA,TRADE,b,7112,6.182857143,NASDAQ
12:46:46.000,LMA,TRADE,t,7112,6.184285714,NYSE
12:47:44.000,LMA,TRADE,b,7112,6.182857143,NASDAQ
12:48:36.000,LMA,TRADE,b,7112,6.182857143,NASDAQ
12:48:50.000,LMA,TRADE,b,14224,6.182857143,NASDAQ
12:49:26.000,LMA,TRADE,t,7112,6.184285714,NASDAQ
12:49:29.000,LMA,TRADE,t,7112,6.184285714,NASDAQ
12:49:40.000,LMA,TRADE,t,7112,6.184285714,NASDAQ
12:50:32.000,LMA,TRADE,b,7112,6.182857143,NASDAQ
12:50:41.000,LMA,TRADE,b,7112,6.182857143,NASDAQ
12:51:39.000,LMA,TRADE,b,7112,6.182857143,NASDAQ
12:51:57.000,LMA,TRADE,b,7112,6.182857143,NASDAQ
12:52:30.000,LMA,TRADE,b,7112,6.182857143,NASDAQ
12:52:44.000,LMA,TRADE,b,7112,6.182857143,NASDAQ
12:53:07.000,LMA,TRADE,t,14224,6.181428571,NYSE
12:53:19.000,LMA,TRADE,t,7112,6.181428571,NYSE
12:53:20.000,LMA,TRADE,t,7112,6.181428571,NYSE
12:53:36.000,LMA,TRADE,t,28449,6.181428571,NYSE
12:53:38.000,LMA,TRADE,t,7112,6.181428571,NYSE
12:53:45.000,LMA,TRADE,t,7112,6.181428571,NYSE
12:53:55.000,LMA,TRADE,b,7112,6.18,NASDAQ
12:54:17.000,LMA,TRADE,b,7112,6.18,NASDAQ
12:55:11.000,LMA,TRADE,b,7112,6.18,NASDAQ
12:55:46.000,LMA,TRADE,b,7112,6.18,NASDAQ
12:56:21.000,LMA,TRADE,b,7112,6.18,NASDAQ
12:57:10.000,LMA,TRADE,b,21336,6.18,NASDAQ
12:57:43.000,LMA,TRADE,b,7112,6.18,NASDAQ
12:57:51.000,LMA,TRADE,b,7112,6.18,NASDAQ
12:58:01.000,LMA,TRADE,b,21336,9.462857143,NYSE
12:58:59.000,LMA,TRADE,t,21336,9.464285714,NASDAQ
12:59:07.000,LMA,TRADE,b,21336,9.462857143,NASDAQ
12:59:38.000,LMA,TRADE,t,21336,9.464285714,NASDAQ
13:00:34.000,LMA,TRADE,b,14224,6.747142857,NASDAQ
13:01:20.000,LMA,TRADE,t,7112,6.748571429,NASDAQ
13:01:43.000,LMA,TRADE,t,7112,6.748571429,NASDAQ
13:01:52.000,LMA,TRADE,t,7112,21.01714286,NYSE
13:02:18.000,LMA,TRADE,t,7112,21.01714286,NYSE
13:02:35.000,LMA,TRADE,t,7112,21.01714286,NYSE
13:02:50.000,LMA,TRADE,t,7112,21.01714286,NASDAQ
13:03:16.000,LMA,TRADE,b,7112,21.01571429,NASDAQ
13:03:56.000,LMA,TRADE,b,7112,21.01571429,NASDAQ
13:04:18.000,LMA,TRADE,b,7112,21.01571429,NASDAQ
13:04:39.000,LMA,TRADE,b,7112,21.01571429,NASDAQ
13:05:16.000,LMA,TRADE,t,49786,7.008571429,NYSE
13:05:18.000,LMA,TRADE,b,49786,7.007142857,NASDAQ
13:05:40.000,LMA,TRADE,t,35561,7.008571429,NASDAQ
13:06:31.000,LMA,TRADE,b,35561,7.007142857,NASDAQ
13:06:54.000,RPY,TRADE,b,7112,5.835714286,NASDAQ
13:07:27.000,RPY,TRADE,b,7112,5.835714286,NASDAQ
13:08:14.000,RPY,TRADE,t,7112,5.837142857,NASDAQ
13:08:25.000,RPY,TRADE,t,2347,5.837142857,NASDAQ
13:08:52.000,RPY,TRADE,t,4765,5.837142857,NASDAQ
13:09:12.000,LMA,TRADE,t,7112,6.178571429,NYSE
13:09:25.000,LMA,TRADE,b,7112,6.177142857,NASDAQ
13:10:10.000,LMA,TRADE,t,21336,4.765714286,NYSE
13:10:17.000,LMA,TRADE,t,7112,4.765714286,NYSE
13:10:39.000,LMA,TRADE,t,7112,4.765714286,NYSE
13:11:18.000,LMA,TRADE,t,7112,4.765714286,NYSE
13:11:27.000,LMA,TRADE,b,7112,4.764285714,NASDAQ
13:12:12.000,LMA,TRADE,b,14224,4.764285714,NASDAQ
13:12:44.000,LMA,TRADE,t,7112,4.765714286,NYSE
13:12:48.000,LMA,TRADE,t,21336,4.765714286,NASDAQ
13:13:48.000,LMA,TRADE,b,7112,4.764285714,NASDAQ
13:14:03.000,LMA,TRADE,t,7112,4.765714286,NASDAQ
13:14:27.000,LMA,TRADE,t,7112,4.765714286,NASDAQ
13:15:25.000,LMA,TRADE,t,7112,4.765714286,NASDAQ
13:15:29.000,LMA,TRADE,b,7112,4.764285714,NASDAQ
13:15:44.000,LMA,TRADE,t,7112,4.765714286,NASDAQ
13:16:04.000,LMA,TRADE,b,7112,4.764285714,NASDAQ
13:16:31.000,LMA,TRADE,b,7112,4.764285714,NASDAQ
13:17:25.000,LMA,TRADE,b,14224,4.764285714,NASDAQ
13:17:45.000,LMA,TRADE,b,7112,4.764285714,NASDAQ
13:17:48.000,LMA,TRADE,b,7112,4.764285714,NASDAQ
13:17:57.000,LMA,TRADE,b,7112,4.764285714,NASDAQ
13:18:44.000,LMA,TRADE,b,7112,4.764285714,NASDAQ
13:18:47.000,LMA,TRADE,b,7112,4.764285714,NASDAQ
13:19:13.000,LMA,TRADE,b,7112,14.50571429,NYSE
13:19:27.000,LMA,TRADE,b,28662,14.50571429,NYSE
13:19:33.000,LMA,TRADE,b,28449,14.50571429,NASDAQ
13:20:01.000,LMA,TRADE,t,7112,14.50714286,NASDAQ
13:20:18.000,LMA,TRADE,t,28662,14.50714286,NASDAQ
13:20:48.000,LMA,TRADE,b,7112,14.50571429,NASDAQ
13:21:38.000,LMA,TRADE,t,28449,14.50714286,NASDAQ
13:22:10.000,LMA,TRADE,t,7112,14.50714286,NASDAQ
13:22:48.000,LMA,TRADE,b,14224,14.50571429,NASDAQ
13:23:07.000,LMA,TRADE,t,7112,14.50714286,NASDAQ
13:23:20.000,LMA,TRADE,t,7112,14.50714286,NASDAQ
13:23:48.000,LMA,TRADE,t,7112,4.95,NASDAQ
13:24:04.000,LMA,TRADE,b,7112,4.948571429,NASDAQ
13:24:14.000,LMA,TRADE,t,7112,4.965714286,NYSE
13:24:17.000,LMA,TRADE,b,7112,4.964285714,NASDAQ
13:24:36.000,S,TRADE,b,7112,4.2,NYSE
13:25:27.000,S,TRADE,t,7112,4.201428571,NASDAQ
13:26:20.000,LMA,TRADE,t,7112,10.05,NYSE
13:26:59.000,LMA,TRADE,t,7112,10.05,NYSE
13:27:44.000,LMA,TRADE,b,7112,10.04857143,NASDAQ
13:28:09.000,LMA,TRADE,b,7112,10.04857143,NASDAQ
13:28:10.000,LMA,TRADE,t,7112,6.967142857,NYSE
13:28:26.000,LMA,TRADE,t,7112,6.967142857,NYSE
13:29:07.000,LMA,TRADE,t,14224,6.968571429,NYSE
13:29:20.000,LMA,TRADE,t,7112,6.968571429,NYSE
13:29:26.000,LMA,TRADE,t,14224,6.967142857,NYSE
13:29:28.000,LMA,TRADE,t,7112,6.967142857,NYSE
13:30:04.000,LMA,TRADE,t,7112,6.968571429,NASDAQ
13:30:20.000,LMA,TRADE,t,7112,6.968571429,NYSE
13:31:01.000,LMA,TRADE,t,7112,6.967142857,NASDAQ
13:31:41.000,LMA,TRADE,b,7112,6.965714286,NASDAQ
13:31:55.000,LMA,TRADE,b,7112,6.965714286,NASDAQ
13:32:38.000,LMA,TRADE,t,7112,6.967142857,NASDAQ
13:33:26.000,LMA,TRADE,t,7112,6.967142857,NASDAQ
13:34:13.000,LMA,TRADE,t,7112,6.967142857,NASDAQ
13:34:32.000,LMA,TRADE,t,7112,6.967142857,NASDAQ
13:34:43.000,LMA,TRADE,t,7112,6.968571429,NASDAQ
13:35:16.000,LMA,TRADE,b,7112,6.965714286,NASDAQ
13:36:11.000,LMA,TRADE,b,7112,6.965714286,NASDAQ
13:36:48.000,LMA,TRADE,b,7112,6.965714286,NASDAQ
13:36:56.000,LMA,TRADE,b,7112,6.965714286,NASDAQ
13:37:33.000,LMA,TRADE,b,7112,6.965714286,NASDAQ
13:38:20.000,LMA,TRADE,b,7112,6.965714286,NASDAQ
13:38:58.000,LMA,TRADE,b,7112,6.965714286,NASDAQ
13:39:54.000,LMA,TRADE,b,7112,6.965714286,NASDAQ
13:40:13.000,LMA,TRADE,b,7112,6.965714286,NASDAQ
13:40:42.000,LMA,TRADE,b,7112,6.965714286,NASDAQ
13:40:56.000,LMA,TRADE,b,7112,6.965714286,NASDAQ
13:41:13.000,LMA,TRADE,b,7112,6.965714286,NASDAQ
13:42:00.000,LMA,TRADE,b,7112,6.965714286,NASDAQ
13:42:47.000,LMA,TRADE,b,7112,6.965714286,NASDAQ
13:43:25.000,LMA,TRADE,b,7112,6.961428571,NASDAQ
13:44:10.000,LMA,TRADE,t,7112,6.962857143,NASDAQ
13:44:36.000,LMA,TRADE,b,7112,6.961428571,NASDAQ
13:45:10.000,LMA,TRADE,t,7112,6.962857143,NASDAQ
13:45:29.000,MK,TRADE,t,4694,1.054285714,NASDAQ
13:46:17.000,MK,TRADE,b,4694,1.052857143,NYSE
13:46:49.000,LMA,TRADE,t,14224,6.964285714,NYSE
13:47:10.000,LMA,TRADE,t,7112,6.964285714,NYSE
13:47:57.000,LMA,TRADE,b,7112,6.962857143,NASDAQ
13:48:07.000,LMA,TRADE,b,7112,6.962857143,NASDAQ
13:48:41.000,LMA,TRADE,t,7112,6.964285714,NASDAQ
13:49:03.000,LMA,TRADE,b,7112,6.962857143,NASDAQ
13:49:33.000,LMA,TRADE,b,7112,6.962857143,NASDAQ
13:50:07.000,LMA,TRADE,t,7112,6.962857143,NYSE
13:50:43.000,LMA,TRADE,b,7112,6.961428571,NASDAQ
13:50:59.000,LMA,TRADE,t,7112,6.962857143,NASDAQ
13:51:43.000,LMA,TRADE,t,7112,6.962857143,NASDAQ
13:52:11.000,LMA,TRADE,t,7112,6.962857143,NASDAQ
13:52:15.000,LMA,TRADE,b,7112,6.961428571,NASDAQ
13:52:42.000,LMA,TRADE,b,7112,6.961428571,NASDAQ
13:53:27.000,LMA,TRADE,b,7112,6.961428571,NASDAQ
13:54:24.000,LMA,TRADE,b,7112,4.051428571,NASDAQ
13:54:31.000,LMA,TRADE,t,7112,4.052857143,NASDAQ
13:54:43.000,LMA,TRADE,t,14224,6.968571429,NYSE
13:55:40.000,LMA,TRADE,t,7112,6.968571429,NYSE
13:55:48.000,LMA,TRADE,b,14224,6.967142857,NASDAQ
13:56:27.000,LMA,TRADE,t,7112,6.968571429,NASDAQ
13:56:58.000,LMA,TRADE,b,7112,6.967142857,NASDAQ
13:57:40.000,LMA,TRADE,t,7112,6.968571429,NASDAQ
13:58:12.000,LMA,TRADE,b,7112,6.967142857,NASDAQ
13:58:48.000,LMA,TRADE,b,7112,6.967142857,NASDAQ
13:58:55.000,LMA,TRADE,t,14224,6.967142857,NYSE
13:59:24.000,LMA,TRADE,t,7112,6.967142857,NYSE
13:59:42.000,LMA,TRADE,t,56898,6.968571429,NASDAQ
13:59:50.000,LMA,TRADE,b,7112,6.965714286,NASDAQ
14:00:12.000,LMA,TRADE,t,7112,6.967142857,NYSE
14:00:55.000,LMA,TRADE,t,7112,6.967142857,NYSE
14:01:16.000,LMA,TRADE,b,7112,6.965714286,NASDAQ
14:02:00.000,LMA,TRADE,b,7112,6.965714286,NASDAQ
14:02:32.000,LMA,TRADE,t,56898,6.968571429,NYSE
14:03:00.000,LMA,TRADE,b,14224,6.965714286,NASDAQ
14:03:35.000,LMA,TRADE,b,42673,6.965714286,NASDAQ
14:04:19.000,LMA,TRADE,t,7112,6.967142857,NASDAQ
14:04:20.000,LMA,TRADE,t,7112,6.967142857,NASDAQ
14:04:26.000,LMA,TRADE,b,7112,6.965714286,NASDAQ
14:05:14.000,LMA,TRADE,b,7112,6.965714286,NASDAQ
14:05:57.000,LMA,TRADE,b,14224,6.965714286,NASDAQ
14:06:27.000,LMA,TRADE,b,42673,6.965714286,NASDAQ
14:06:52.000,LMA,TRADE,b,7112,6.965714286,NASDAQ
14:07:42.000,LMA,TRADE,b,7112,6.965714286,NASDAQ
14:08:28.000,LMA,TRADE,t,56898,6.968571429,NASDAQ
14:08:29.000,LMA,TRADE,b,14224,6.965714286,NASDAQ
14:09:07.000,LMA,TRADE,b,42673,6.965714286,NASDAQ
14:09:50.000,LMA,TRADE,t,7112,10.07714286,NASDAQ
14:10:03.000,LMA,TRADE,b,7112,10.07571429,NASDAQ
14:10:09.000,BO,TRADE,t,14224,12.42857143,NASDAQ
14:10:22.000,BO,TRADE,b,14224,12.42714286,NASDAQ
14:10:26.000,LMA,TRADE,b,7112,9.355714286,NASDAQ
14:10:57.000,LMA,TRADE,b,7112,9.358571429,NASDAQ
14:11:23.000,LMA,TRADE,t,7112,9.361428571,NASDAQ
14:11:27.000,LMA,TRADE,t,7112,9.361428571,NASDAQ
14:12:27.000,BO,TRADE,t,7112,12.41285714,NYSE
14:13:10.000,BO,TRADE,t,7112,12.41285714,NYSE
14:13:40.000,BO,TRADE,t,7112,12.41285714,NASDAQ
14:14:38.000,BO,TRADE,b,7112,12.41142857,NASDAQ
14:15:27.000,BO,TRADE,b,7112,12.41142857,NASDAQ
14:15:47.000,BO,TRADE,b,7112,12.41285714,NASDAQ
14:16:08.000,LMA,TRADE,t,7112,8.002857143,NYSE
14:16:41.000,LMA,TRADE,t,7112,8.001428571,NYSE
14:17:32.000,LMA,TRADE,b,7112,8,NASDAQ
14:18:04.000,LMA,TRADE,b,7112,8,NASDAQ
14:18:09.000,LMA,TRADE,t,7112,8.921785714,NASDAQ
14:18:12.000,LMA,TRADE,b,7112,8.917142857,NASDAQ
14:18:47.000,I,TRADE,b,7112,2.117142857,NASDAQ
14:19:35.000,I,TRADE,t,7112,2.12,NASDAQ
14:20:26.000,LMA,TRADE,b,7112,8.9,NYSE
14:21:04.000,LMA,TRADE,b,7112,8.9,NYSE
14:21:23.000,LMA,TRADE,t,7112,8.901428571,NASDAQ
14:21:24.000,LMA,TRADE,b,711,8.898571429,NYSE
14:22:17.000,LMA,TRADE,b,7112,8.9,NYSE
14:22:28.000,LMA,TRADE,t,7112,8.901428571,NASDAQ
14:22:43.000,LMA,TRADE,b,14224,8.9,NYSE
14:23:16.000,LMA,TRADE,b,14224,8.9,NASDAQ
14:24:13.000,LMA,TRADE,t,14224,8.901428571,NASDAQ
14:25:10.000,LMA,TRADE,t,7823,8.901428571,NASDAQ
14:26:10.000,LMA,TRADE,t,14224,8.901428571,NASDAQ
14:26:47.000,S,TRADE,b,28449,4.171428571,NYSE
14:27:25.000,S,TRADE,t,28449,4.172857143,NASDAQ
14:28:14.000,LMA,TRADE,t,7112,10.04571429,NYSE
14:28:33.000,LMA,TRADE,t,7112,10.04571429,NYSE
14:29:08.000,LMA,TRADE,t,7112,10.04571429,NASDAQ
14:29:21.000,LMA,TRADE,b,3982,10.04428571,NASDAQ
14:30:07.000,LMA,TRADE,b,7112,10.04428571,NASDAQ
14:30:34.000,LMA,TRADE,b,3129,10.04428571,NASDAQ
14:31:13.000,LMA,TRADE,b,3982,10.04428571,NASDAQ
14:31:43.000,LMA,TRADE,b,3129,10.04571429,NYSE
14:32:33.000,LMA,TRADE,b,7112,4.454285714,NASDAQ
14:32:45.000,LMA,TRADE,t,7112,4.455714286,NASDAQ
14:33:24.000,LMA,TRADE,b,7112,4.454285714,NASDAQ
14:33:44.000,LMA,TRADE,t,7112,4.455714286,NASDAQ
14:34:14.000,LMA,TRADE,b,7112,4.454285714,NASDAQ
14:34:20.000,LMA,TRADE,t,7112,4.455714286,NASDAQ
14:34:53.000,LMA,TRADE,b,7112,4.454285714,NASDAQ
14:35:06.000,LMA,TRADE,t,7112,4.455714286,NASDAQ
14:35:48.000,LMA,TRADE,t,7112,4.782857143,NYSE
14:36:20.000,LMA,TRADE,b,7112,4.781428571,NASDAQ
14:36:34.000,LMA,TRADE,b,7112,10.75,NASDAQ
14:37:11.000,LMA,TRADE,t,7112,10.75142857,NASDAQ
14:37:45.000,LMA,TRADE,b,7112,7.047142857,NASDAQ
14:38:18.000,LMA,TRADE,b,14224,7.048571429,NASDAQ
14:38:54.000,LMA,TRADE,t,7112,7.057142857,NASDAQ
14:39:15.000,LMA,TRADE,t,13513,7.057142857,NASDAQ
14:39:16.000,LMA,TRADE,t,711,7.057142857,NASDAQ
14:40:11.000,LMA,TRADE,b,7112,10.75285714,NASDAQ
14:40:58.000,LMA,TRADE,t,7112,10.75428571,NASDAQ
14:41:44.000,LMA,TRADE,b,21336,10.75142857,NASDAQ
14:41:50.000,LMA,TRADE,t,21336,10.75428571,NASDAQ
14:42:35.000,V,TRADE,b,14224,10.44571429,NASDAQ
14:42:37.000,V,TRADE,b,14224,10.44714286,NYSE
14:42:47.000,V,TRADE,t,14224,10.44857143,NASDAQ
14:43:29.000,V,TRADE,t,14224,10.44857143,NASDAQ
14:43:46.000,V,TRADE,b,14224,10.44428571,NASDAQ
14:44:23.000,V,TRADE,t,14224,10.44857143,NASDAQ
14:44:25.000,LMA,TRADE,t,14224,1.042857143,NYSE
14:44:41.000,LMA,TRADE,t,14224,1.042857143,NYSE
14:44:46.000,LMA,TRADE,b,7112,1.041428571,NASDAQ
14:45:25.000,LMA,TRADE,b,7112,1.041428571,NASDAQ
14:45:43.000,LMA,TRADE,t,28449,1.042857143,NYSE
14:46:19.000,LMA,TRADE,t,35561,1.042857143,NASDAQ
14:47:14.000,LMA,TRADE,t,78235,1.042857143,NASDAQ
14:48:03.000,LMA,TRADE,b,7112,1.041428571,NASDAQ
14:48:48.000,LMA,TRADE,b,7112,1.041428571,NASDAQ
14:48:53.000,LMA,TRADE,b,7112,1.041428571,NASDAQ
14:49:53.000,LMA,TRADE,b,21336,1.041428571,NASDAQ
14:50:13.000,LMA,TRADE,b,7112,1.041428571,NASDAQ
14:50:26.000,LMA,TRADE,b,28449,1.041428571,NASDAQ
14:51:06.000,LMA,TRADE,t,4765,1.042857143,NASDAQ
14:51:24.000,LMA,TRADE,t,16571,1.042857143,NASDAQ
14:51:28.000,LMA,TRADE,b,7112,1.041428571,NASDAQ
14:52:20.000,LMA,TRADE,b,7112,1.041428571,NASDAQ
14:52:26.000,LMA,TRADE,b,7112,1.041428571,NASDAQ
14:52:32.000,LMA,TRADE,b,7112,1.041428571,NASDAQ
14:53:20.000,LMA,TRADE,b,7112,1.041428571,NASDAQ
14:53:21.000,LMA,TRADE,b,7112,1.041428571,NASDAQ
14:53:38.000,LMA,TRADE,b,14224,1.041428571,NASDAQ
14:53:49.000,LMA,TRADE,b,42673,1.041428571,NASDAQ
14:54:02.000,LMA,TRADE,t,49786,1.041428571,NYSE
14:54:40.000,LMA,TRADE,t,14224,1.041428571,NYSE
14:55:34.000,LMA,TRADE,t,355,1.041428571,NYSE
14:55:59.000,LMA,TRADE,t,6756,1.041428571,NYSE
14:56:36.000,LMA,TRADE,t,28449,1.041428571,NYSE
14:57:35.000,LMA,TRADE,t,35561,1.041428571,NASDAQ
14:57:44.000,LMA,TRADE,b,7112,1.04,NASDAQ
14:57:49.000,LMA,TRADE,b,14224,1.04,NASDAQ
14:58:03.000,LMA,TRADE,b,35561,1.04,NASDAQ
14:59:00.000,LMA,TRADE,t,14224,1.041428571,NASDAQ
14:59:01.000,LMA,TRADE,t,64010,1.041428571,NASDAQ
14:59:09.000,LMA,TRADE,b,7112,1.04,NASDAQ
14:59:25.000,LMA,TRADE,b,7112,1.04,NASDAQ
15:00:15.000,LMA,TRADE,b,7112,1.04,NASDAQ
15:00:17.000,LMA,TRADE,b,21336,1.04,NASDAQ
15:00:18.000,LMA,TRADE,b,7112,1.04,NASDAQ
15:01:18.000,LMA,TRADE,b,28449,1.04,NASDAQ
15:01:49.000,LMA,TRADE,b,7112,1.04,NASDAQ
15:02:11.000,LMA,TRADE,b,7112,1.04,NASDAQ
15:02:57.000,LMA,TRADE,b,7112,1.04,NASDAQ
15:03:51.000,LMA,TRADE,b,7112,1.04,NASDAQ
15:03:53.000,LMA,TRADE,b,49786,1.04,NASDAQ
15:03:55.000,LMA,TRADE,t,14224,1.046428571,NYSE
15:04:50.000,LMA,TRADE,t,7112,1.044285714,NYSE
15:05:25.000,LMA,TRADE,t,7112,1.044285714,NYSE
15:06:13.000,LMA,TRADE,t,7112,1.044285714,NYSE
15:06:58.000,LMA,TRADE,t,7112,1.044285714,NYSE
15:07:09.000,LMA,TRADE,t,7112,1.045714286,NASDAQ
15:07:17.000,LMA,TRADE,t,7112,1.044285714,NYSE
15:08:04.000,LMA,TRADE,t,7112,1.044285714,NYSE
15:08:31.000,LMA,TRADE,t,28449,1.044285714,NYSE
15:09:13.000,LMA,TRADE,t,14224,1.044285714,NYSE
15:09:32.000,LMA,TRADE,t,7112,1.045714286,NYSE
15:09:57.000,LMA,TRADE,t,7112,1.046428571,NYSE
15:10:11.000,LMA,TRADE,t,7112,1.044285714,NYSE
15:10:21.000,LMA,TRADE,t,14224,1.046428571,NYSE
15:10:55.000,LMA,TRADE,t,35561,1.044285714,NYSE
15:11:02.000,LMA,TRADE,t,14224,1.045714286,NYSE
15:11:42.000,LMA,TRADE,t,14224,1.045714286,NYSE
15:12:10.000,LMA,TRADE,t,7112,1.044285714,NYSE
15:12:52.000,LMA,TRADE,t,7112,1.045714286,NYSE
15:13:23.000,LMA,TRADE,t,14224,1.045714286,NYSE
15:13:29.000,LMA,TRADE,t,14224,1.045714286,NYSE
15:13:59.000,LMA,TRADE,t,14224,1.044285714,NYSE
15:14:19.000,LMA,TRADE,t,7112,1.044285714,NYSE
15:14:54.000,LMA,TRADE,t,7112,1.044285714,NYSE
15:15:17.000,LMA,TRADE,t,42673,1.044285714,NASDAQ
15:15:29.000,LMA,TRADE,t,14224,1.044285714,NASDAQ
15:16:16.000,LMA,TRADE,t,7112,1.044285714,NASDAQ
15:17:15.000,LMA,TRADE,t,14224,1.044285714,NASDAQ
15:17:45.000,LMA,TRADE,t,7112,1.044285714,NASDAQ
15:18:30.000,LMA,TRADE,t,14224,1.044285714,NASDAQ
15:19:14.000,LMA,TRADE,t,21336,1.044285714,NASDAQ
15:19:55.000,LMA,TRADE,t,7112,1.044285714,NASDAQ
15:19:56.000,LMA,TRADE,t,7112,1.044285714,NASDAQ
15:20:55.000,LMA,TRADE,t,7112,1.046428571,NASDAQ
15:21:35.000,LMA,TRADE,t,64010,1.045714286,NASDAQ
15:21:59.000,LMA,TRADE,t,7112,1.045714286,NASDAQ
15:22:44.000,LMA,TRADE,t,14224,1.045714286,NASDAQ
15:22:53.000,LMA,TRADE,t,7112,1.044285714,NASDAQ
15:22:59.000,LMA,TRADE,t,7112,1.044285714,NASDAQ
15:23:05.000,LMA,TRADE,t,7112,1.044285714,NASDAQ
15:23:16.000,LMA,TRADE,t,7112,1.044285714,NASDAQ
15:23:29.000,LMA,TRADE,t,7112,1.044285714,NASDAQ
15:24:01.000,LMA,TRADE,t,7112,1.044285714,NASDAQ
15:24:56.000,LMA,TRADE,t,14224,1.044285714,NASDAQ
15:24:58.000,LMA,TRADE,t,7112,1.044285714,NASDAQ
15:25:05.000,LMA,TRADE,b,7112,1.042857143,NASDAQ
15:25:51.000,LMA,TRADE,b,7112,1.042857143,NASDAQ
15:26:29.000,LMA,TRADE,b,7112,1.042857143,NASDAQ
15:26:48.000,LMA,TRADE,b,7112,1.042857143,NASDAQ
15:27:22.000,LMA,TRADE,b,7112,1.042857143,NASDAQ
15:27:37.000,LMA,TRADE,b,7112,1.042857143,NASDAQ
15:28:16.000,LMA,TRADE,b,7112,1.042857143,NASDAQ
15:28:43.000,LMA,TRADE,b,7112,1.042857143,NASDAQ
15:29:18.000,LMA,TRADE,b,7112,1.042857143,NASDAQ
15:29:57.000,LMA,TRADE,t,35561,1.045714286,NASDAQ
15:30:43.000,LMA,TRADE,t,7112,1.045714286,NASDAQ
15:30:45.000,LMA,TRADE,b,7112,1.042857143,NASDAQ
15:31:44.000,LMA,TRADE,b,21336,1.042857143,NASDAQ
15:32:35.000,LMA,TRADE,b,7112,1.042857143,NASDAQ
15:33:04.000,LMA,TRADE,b,7112,1.042857143,NASDAQ
15:33:53.000,LMA,TRADE,b,7112,1.042857143,NASDAQ
15:34:09.000,LMA,TRADE,b,7112,1.042857143,NASDAQ
15:34:46.000,LMA,TRADE,b,7112,1.042857143,NASDAQ
15:35:36.000,LMA,TRADE,b,7112,1.042857143,NASDAQ
15:36:33.000,LMA,TRADE,b,7112,1.042857143,NASDAQ
15:36:40.000,LMA,TRADE,b,7112,1.042857143,NASDAQ
15:36:58.000,LMA,TRADE,b,7112,1.042857143,NASDAQ
15:37:46.000,LMA,TRADE,b,7112,1.042857143,NASDAQ
15:38:05.000,LMA,TRADE,b,7112,1.042857143,NASDAQ
15:38:36.000,LMA,TRADE,b,7112,1.042857143,NASDAQ
15:39:18.000,LMA,TRADE,b,7112,1.042857143,NASDAQ
15:39:39.000,LMA,TRADE,b,7112,1.042857143,NASDAQ
15:40:30.000,LMA,TRADE,b,7112,1.042857143,NASDAQ
15:40:38.000,LMA,TRADE,b,7112,1.042857143,NASDAQ
15:41:08.000,LMA,TRADE,b,7112,1.042857143,NASDAQ
15:41:40.000,LMA,TRADE,b,7112,1.042857143,NASDAQ
15:42:18.000,LMA,TRADE,b,7112,1.042857143,NASDAQ
15:43:17.000,LMA,TRADE,b,7112,1.042857143,NASDAQ
15:43:37.000,LMA,TRADE,b,7112,1.042857143,NASDAQ
15:43:57.000,LMA,TRADE,b,7112,1.042857143,NASDAQ
15:44:56.000,LMA,TRADE,b,7112,1.042857143,NASDAQ
15:45:47.000,LMA,TRADE,b,7112,1.042857143,NASDAQ
15:46:32.000,LMA,TRADE,b,8534,1.042857143,NASDAQ
15:46:40.000,LMA,TRADE,b,7112,1.042857143,NASDAQ
15:47:07.000,LMA,TRADE,b,7112,1.042857143,NASDAQ
15:47:26.000,LMA,TRADE,b,5689,1.042857143,NASDAQ
15:47:32.000,LMA,TRADE,b,1422,1.042857143,NASDAQ
15:48:18.000,LMA,TRADE,b,5689,1.042857143,NASDAQ
15:48:37.000,LMA,TRADE,b,1422,1.042857143,NASDAQ
15:48:58.000,LMA,TRADE,b,5689,1.042857143,NASDAQ
15:49:45.000,LMA,TRADE,b,1422,1.042857143,NASDAQ
15:49:57.000,LMA,TRADE,b,5689,1.042857143,NASDAQ
15:50:07.000,LMA,TRADE,b,1422,1.042857143,NASDAQ
15:51:07.000,LMA,TRADE,b,5689,1.042857143,NASDAQ
15:52:00.000,LMA,TRADE,b,1422,1.042857143,NASDAQ
15:52:28.000,LMA,TRADE,b,5689,1.042857143,NASDAQ
15:53:20.000,LMA,TRADE,b,1422,1.042857143,NASDAQ
15:53:46.000,LMA,TRADE,b,12802,1.042857143,NASDAQ
15:53:57.000,LMA,TRADE,b,15647,1.042857143,NASDAQ
15:54:55.000,LMA,TRADE,b,14224,1.042857143,NASDAQ
15:55:02.000,LMA,TRADE,b,7112,1.042857143,NASDAQ
15:55:21.000,LMA,TRADE,b,7112,1.042857143,NASDAQ
15:55:49.000,LMA,TRADE,b,7112,1.042857143,NASDAQ
15:56:42.000,LMA,TRADE,b,7112,1.042857143,NASDAQ
15:57:04.000,LMA,TRADE,b,7112,1.042857143,NASDAQ
15:57:36.000,LMA,TRADE,b,14224,1.042857143,NASDAQ
15:58:09.000,LMA,TRADE,b,7112,1.042857143,NASDAQ
15:59:02.000,LMA,TRADE,b,19914,1.042857143,NASDAQ
15:59:17.000,LMA,TRADE,b,7112,1.042857143,NASDAQ
16:00:05.000,LMA,TRADE,b,7112,1.042857143,NASDAQ
16:00:27.000,LMA,TRADE,b,7112,1.042857143,NASDAQ
